<ValueSet xmlns="http://hl7.org/fhir">
    <id value="KBV-VS-MIO-KHE-Care-Plan-Activity-Status"/>
    <url value="https://fhir.kbv.de/ValueSet/KBV_VS_MIO_KHE_Care_Plan_Activity_Status"/>
    <version value="1.0.0"/>
    <name value="KBV_VS_MIO_KHE_Care_Plan_Activity_Status"/>
    <title value="Pflege Plan Aktivitäts Status"/>
    <status value="draft"/>
    <experimental value="false"/>
    <publisher value="Kassenärztliche Bundesvereinigung (KBV)"/>
    <contact>
        <telecom>
            <system value="url"/>
            <value value="https://mio.kbv.de"/>
        </telecom>
    </contact>
    <description value="Dieses Valueset enthält die Codes zur Beschreibung von Pflege Plan Aktivitäts Status."/>
    <immutable value="false"/>
    <copyright value="Im folgenden Profil können Codes aus den Codesystemen Snomed, Loinc oder Ucum enthalten sein, die dem folgenden Urheberrecht unterliegen: This material includes SNOMED Clinical Terms® (SNOMED CT®) which is used by permission of SNOMED International. All rights reserved. SNOMED CT®, was originally created by The College of American Pathologists. SNOMED and SNOMED CT are registered trademarks of SNOMED International. Implementers of these artefacts must have the appropriate SNOMED CT Affiliate license. This material contains content from LOINC (http://loinc.org). LOINC is copyright © 1995-2020, Regenstrief Institute, Inc. and the Logical Observation Identifiers Names and Codes (LOINC) Committee and is available at no cost under the license at http://loinc.org/license. LOINC® is a registered United States trademark of Regenstrief Institute, Inc. This product includes all or a portion of the UCUM table, UCUM codes, and UCUM definitions or is derived from it, subject to a license from Regenstrief Institute, Inc. and The UCUM Organization. Your use of the UCUM table, UCUM codes, UCUM definitions also is subject to this license, a copy of which is available at ​http://unitsofmeasure.org. The current complete UCUM table, UCUM Specification are available for download at http://unitsofmeasure.org. The UCUM table and UCUM codes are copyright © 1995-2009, Regenstrief Institute, Inc. and the Unified Codes for Units of Measures (UCUM) Organization. All rights reserved. THE UCUM TABLE (IN ALL FORMATS), UCUM DEFINITIONS, AND SPECIFICATION ARE PROVIDED &quot;AS IS.&quot; ANY EXPRESS OR IMPLIED WARRANTIES ARE DISCLAIMED, INCLUDING, BUT NOT LIMITED TO, THE IMPLIED WARRANTIES OF MERCHANTABILITY AND FITNESS FOR A PARTICULAR PURPOSE."/>
    <compose>
        <include>
            <system value="http://hl7.org/fhir/care-plan-activity-status"/>
            <version value="4.0.1"/>
            <concept>
                <code value="not-started"/>
                <display value="Not Started"/>
            </concept>
            <concept>
                <code value="scheduled"/>
                <display value="Scheduled"/>
            </concept>
            <concept>
                <code value="in-progress"/>
                <display value="In Progress"/>
            </concept>
            <concept>
                <code value="completed"/>
                <display value="Completed"/>
            </concept>
        </include>
    </compose>
    <expansion>
        <identifier value="3ab0949a-dbac-11ee-a21e-005056ad6c7c"/>
        <timestamp value="2024-03-06T12:25:26+01:00"/>
        <total value="4"/>
        <offset value="0"/>
        <contains>
            <system value="http://hl7.org/fhir/care-plan-activity-status"/>
            <version value="4.0.1"/>
            <code value="not-started"/>
            <display value="Not Started"/>
        </contains>
        <contains>
            <system value="http://hl7.org/fhir/care-plan-activity-status"/>
            <version value="4.0.1"/>
            <code value="scheduled"/>
            <display value="Scheduled"/>
        </contains>
        <contains>
            <system value="http://hl7.org/fhir/care-plan-activity-status"/>
            <version value="4.0.1"/>
            <code value="in-progress"/>
            <display value="In Progress"/>
        </contains>
        <contains>
            <system value="http://hl7.org/fhir/care-plan-activity-status"/>
            <version value="4.0.1"/>
            <code value="completed"/>
            <display value="Completed"/>
        </contains>
    </expansion>
</ValueSet>