<ValueSet xmlns="http://hl7.org/fhir">
    <id value="KBV-VS-MIO-KHE-Initiated-Services-SNOMED-CT"/>
    <url value="https://fhir.kbv.de/ValueSet/KBV_VS_MIO_KHE_Initiated_Services_SNOMED_CT"/>
    <version value="1.0.0"/>
    <name value="KBV_VS_MIO_KHE_Initiated_Services_SNOMED_CT"/>
    <title value="Veranlasste Leistungen"/>
    <status value="draft"/>
    <experimental value="false"/>
    <publisher value="Kassenärztliche Bundesvereinigung (KBV)"/>
    <contact>
        <telecom>
            <system value="url"/>
            <value value="https://mio.kbv.de"/>
        </telecom>
    </contact>
    <description value="Dieses Valueset enthält die Codes zur Beschreibung von Veranlasste Leistungen."/>
    <immutable value="false"/>
    <copyright value="Im folgenden Profil können Codes aus den Codesystemen Snomed, Loinc oder Ucum enthalten sein, die dem folgenden Urheberrecht unterliegen: This material includes SNOMED Clinical Terms® (SNOMED CT®) which is used by permission of SNOMED International. All rights reserved. SNOMED CT®, was originally created by The College of American Pathologists. SNOMED and SNOMED CT are registered trademarks of SNOMED International. Implementers of these artefacts must have the appropriate SNOMED CT Affiliate license. This material contains content from LOINC (http://loinc.org). LOINC is copyright © 1995-2020, Regenstrief Institute, Inc. and the Logical Observation Identifiers Names and Codes (LOINC) Committee and is available at no cost under the license at http://loinc.org/license. LOINC® is a registered United States trademark of Regenstrief Institute, Inc. This product includes all or a portion of the UCUM table, UCUM codes, and UCUM definitions or is derived from it, subject to a license from Regenstrief Institute, Inc. and The UCUM Organization. Your use of the UCUM table, UCUM codes, UCUM definitions also is subject to this license, a copy of which is available at ​http://unitsofmeasure.org. The current complete UCUM table, UCUM Specification are available for download at http://unitsofmeasure.org. The UCUM table and UCUM codes are copyright © 1995-2009, Regenstrief Institute, Inc. and the Unified Codes for Units of Measures (UCUM) Organization. All rights reserved. THE UCUM TABLE (IN ALL FORMATS), UCUM DEFINITIONS, AND SPECIFICATION ARE PROVIDED &quot;AS IS.&quot; ANY EXPRESS OR IMPLIED WARRANTIES ARE DISCLAIMED, INCLUDING, BUT NOT LIMITED TO, THE IMPLIED WARRANTIES OF MERCHANTABILITY AND FITNESS FOR A PARTICULAR PURPOSE."/>
    <compose>
        <include>
            <system value="https://fhir.kbv.de/CodeSystem/KBV_CS_MIO_KHE_Initiated_Services"/>
            <version value="1.0.0"/>
            <concept>
                <code value="VBUZIFS"/>
                <display value="Verordnung bei Überweisung zur Indikationsstellung für Soziotherapie gemäß § 37a SGB V"/>
            </concept>
            <concept>
                <code value="DIGA"/>
                <display value="Digitale Gesundheitsanwendung"/>
            </concept>
            <concept>
                <code value="UEPF"/>
                <display value="Übergangspflege gemäß § 39e SGB"/>
            </concept>
            <concept>
                <code value="KZB"/>
                <display value="Krankenhausbehandlung zur Beatmungsentwöhnung"/>
            </concept>
            <concept>
                <code value="PFB"/>
                <display value="Pflegeberatung gemäß § 7a SGB XI"/>
            </concept>
            <concept>
                <code value="AB"/>
                <display value="Außerklinische Beatmung"/>
            </concept>
            <concept>
                <code value="AD"/>
                <display value="Ambulante Dialyse"/>
            </concept>
        </include>
        <include>
            <system value="http://snomed.info/sct"/>
            <version value="http://snomed.info/sct/900000000000207008/version/20230131"/>
            <concept>
                <code value="373873005"/>
                <display value="Pharmaceutical / biologic product (product)"/>
            </concept>
            <concept>
                <code value="333453004"/>
                <display value="Medical dressing (physical object)"/>
            </concept>
            <concept>
                <code value="1141802005"/>
                <display value="Assistive device (physical object)"/>
            </concept>
            <concept>
                <code value="276239002"/>
                <display value="Therapy (regime/therapy)"/>
            </concept>
            <concept>
                <code value="257192006"/>
                <display value="Aid to vision (physical object)"/>
            </concept>
            <concept>
                <code value="6012004"/>
                <display value="Hearing aid, device (physical object)"/>
            </concept>
            <concept>
                <code value="90817005"/>
                <display value="Home care by visiting nurse (regime/therapy)"/>
            </concept>
            <concept>
                <code value="243224001"/>
                <display value="Social therapy (regime/therapy)"/>
            </concept>
            <concept>
                <code value="395695001"/>
                <display value="Specialist palliative care treatment - outpatient (regime/therapy)"/>
            </concept>
            <concept>
                <code value="107724000"/>
                <display value="Patient transfer (procedure)"/>
            </concept>
            <concept>
                <code value="182998008"/>
                <display value="Intensive nursing care (regime/therapy)"/>
            </concept>
            <concept>
                <code value="385763009"/>
                <display value="Hospice care (regime/therapy)"/>
            </concept>
        </include>
    </compose>
    <expansion>
        <identifier value="3ab96e69-dbac-11ee-a038-005056ad6c7c"/>
        <timestamp value="2024-03-06T12:25:26+01:00"/>
        <total value="19"/>
        <offset value="0"/>
        <contains>
            <system value="http://snomed.info/sct"/>
            <version value="http://snomed.info/sct/900000000000207008/version/20230131"/>
            <code value="373873005"/>
            <display value="Pharmaceutical / biologic product (product)"/>
        </contains>
        <contains>
            <system value="http://snomed.info/sct"/>
            <version value="http://snomed.info/sct/900000000000207008/version/20230131"/>
            <code value="333453004"/>
            <display value="Medical dressing (physical object)"/>
        </contains>
        <contains>
            <system value="http://snomed.info/sct"/>
            <version value="http://snomed.info/sct/900000000000207008/version/20230131"/>
            <code value="1141802005"/>
            <display value="Assistive device (physical object)"/>
        </contains>
        <contains>
            <system value="http://snomed.info/sct"/>
            <version value="http://snomed.info/sct/900000000000207008/version/20230131"/>
            <code value="276239002"/>
            <display value="Therapy (regime/therapy)"/>
        </contains>
        <contains>
            <system value="http://snomed.info/sct"/>
            <version value="http://snomed.info/sct/900000000000207008/version/20230131"/>
            <code value="257192006"/>
            <display value="Aid to vision (physical object)"/>
        </contains>
        <contains>
            <system value="http://snomed.info/sct"/>
            <version value="http://snomed.info/sct/900000000000207008/version/20230131"/>
            <code value="6012004"/>
            <display value="Hearing aid, device (physical object)"/>
        </contains>
        <contains>
            <system value="http://snomed.info/sct"/>
            <version value="http://snomed.info/sct/900000000000207008/version/20230131"/>
            <code value="90817005"/>
            <display value="Home care by visiting nurse (regime/therapy)"/>
        </contains>
        <contains>
            <system value="http://snomed.info/sct"/>
            <version value="http://snomed.info/sct/900000000000207008/version/20230131"/>
            <code value="243224001"/>
            <display value="Social therapy (regime/therapy)"/>
        </contains>
        <contains>
            <system value="https://fhir.kbv.de/CodeSystem/KBV_CS_MIO_KHE_Initiated_Services"/>
            <version value="1.0.0"/>
            <code value="VBUZIFS"/>
            <display value="Verordnung bei Überweisung zur Indikationsstellung für Soziotherapie gemäß § 37a SGB V"/>
        </contains>
        <contains>
            <system value="http://snomed.info/sct"/>
            <version value="http://snomed.info/sct/900000000000207008/version/20230131"/>
            <code value="395695001"/>
            <display value="Specialist palliative care treatment - outpatient (regime/therapy)"/>
        </contains>
        <contains>
            <system value="http://snomed.info/sct"/>
            <version value="http://snomed.info/sct/900000000000207008/version/20230131"/>
            <code value="107724000"/>
            <display value="Patient transfer (procedure)"/>
        </contains>
        <contains>
            <system value="https://fhir.kbv.de/CodeSystem/KBV_CS_MIO_KHE_Initiated_Services"/>
            <version value="1.0.0"/>
            <code value="DIGA"/>
            <display value="Digitale Gesundheitsanwendung"/>
        </contains>
        <contains>
            <system value="https://fhir.kbv.de/CodeSystem/KBV_CS_MIO_KHE_Initiated_Services"/>
            <version value="1.0.0"/>
            <code value="UEPF"/>
            <display value="Übergangspflege gemäß § 39e SGB"/>
        </contains>
        <contains>
            <system value="https://fhir.kbv.de/CodeSystem/KBV_CS_MIO_KHE_Initiated_Services"/>
            <version value="1.0.0"/>
            <code value="KZB"/>
            <display value="Krankenhausbehandlung zur Beatmungsentwöhnung"/>
        </contains>
        <contains>
            <system value="https://fhir.kbv.de/CodeSystem/KBV_CS_MIO_KHE_Initiated_Services"/>
            <version value="1.0.0"/>
            <code value="PFB"/>
            <display value="Pflegeberatung gemäß § 7a SGB XI"/>
        </contains>
        <contains>
            <system value="http://snomed.info/sct"/>
            <version value="http://snomed.info/sct/900000000000207008/version/20230131"/>
            <code value="182998008"/>
            <display value="Intensive nursing care (regime/therapy)"/>
        </contains>
        <contains>
            <system value="https://fhir.kbv.de/CodeSystem/KBV_CS_MIO_KHE_Initiated_Services"/>
            <version value="1.0.0"/>
            <code value="AB"/>
            <display value="Außerklinische Beatmung"/>
        </contains>
        <contains>
            <system value="http://snomed.info/sct"/>
            <version value="http://snomed.info/sct/900000000000207008/version/20230131"/>
            <code value="385763009"/>
            <display value="Hospice care (regime/therapy)"/>
        </contains>
        <contains>
            <system value="https://fhir.kbv.de/CodeSystem/KBV_CS_MIO_KHE_Initiated_Services"/>
            <version value="1.0.0"/>
            <code value="AD"/>
            <display value="Ambulante Dialyse"/>
        </contains>
    </expansion>
</ValueSet>