<?xml version="1.0" encoding="utf-8"?>
<StructureDefinition xmlns="http://hl7.org/fhir">
  <id value="KBV-PR-MIO-KHE-Device-Implant" />
  <url value="https://fhir.kbv.de/StructureDefinition/KBV_PR_MIO_KHE_Device_Implant" />
  <version value="1.0.0" />
  <name value="KBV_PR_MIO_KHE_Device_Implant" />
  <title value="KBV_PR_MIO_KHE_Device_Implant" />
  <status value="draft" />
  <publisher value="Kassenärztliche Bundesvereinigung (KBV)" />
  <description value="Dieses Profil bildet ein Implantat ab." />
  <copyright value="Im folgenden Profil können Codes aus den Code-Systemen SNOMED CT®, LOINC, Ucum, ATC, ICD-10-GM, ICD-10-WHO, OPS, Alpha-ID/Alpha-ID-SE und ICF enthalten sein, die dem folgenden Urheberrecht unterliegen: This material includes SNOMED CT® Clinical Terms® (SNOMED CT® CT®) which is used by permission of SNOMED CT® International. All rights reserved. SNOMED CT® CT®, was originally created by The College of American Pathologists. SNOMED CT® and SNOMED CT® CT are registered trademarks of SNOMED CT® International. Implementers of these artefacts must have the appropriate SNOMED CT® CT Affiliate license. This material contains content from LOINC (http://LOINC.org). LOINC is copyright © 1995-2020, Regenstrief Institute, Inc. and the Logical Observation Identifiers Names and Codes (LOINC) Committee and is available at no cost under the license at http://LOINC.org/license. LOINC® is a registered United States trademark of Regenstrief Institute, Inc. This product includes all or a portion of the UCUM table, UCUM codes, and UCUM definitions or is derived from it, subject to a license from Regenstrief Institute, Inc. and The UCUM Organization. Your use of the UCUM table, UCUM codes, UCUM definitions also is subject to this license, a copy of which is available at ​http://unitsofmeasure.org. The current complete UCUM table, UCUM Specification are available for download at ​http://unitsofmeasure.org. The UCUM table and UCUM codes are copyright © 1995-2009, Regenstrief Institute, Inc. and the Unified Codes for Units of Measures (UCUM) Organization. All rights reserved. THE UCUM TABLE (IN ALL FORMATS), UCUM DEFINITIONS, AND SPECIFICATION ARE PROVIDED 'AS IS.' ANY EXPRESS OR IMPLIED WARRANTIES ARE DISCLAIMED, INCLUDING, BUT NOT LIMITED TO, THE IMPLIED WARRANTIES OF MERCHANTABILITY AND FITNESS FOR A PARTICULAR PURPOSE. Dieses Material enthält Inhalte aus ATC. Die Erstellung erfolgte unter Verwendung der Datenträger der amtlichen Fassung der ATC-Klassifikation mit DDD des Bundesinstituts für Arzneimittel und Medizinprodukte (BfArM). Dieses Material enthält Inhalte aus ICD-10-GM, ICD-10-WHO, OPS Alpha-ID ans Alpha-ID-SE. Die Erstellung erfolgt unter Verwendung der maschinenlesbaren Fassung des Bundesinstituts für Arzneimittel und Medizinprodukte (BfArM). Dieses Material enthält Inhalte aus ICF. Die Erstellung erfolgt unter Verwendung der maschinenlesbaren Fassung des Deutschen Instituts für Medizinische Dokumentation und Information (DIMDI). ICF-Kodes, -Begriffe und -Texte © Weltgesundheitsorganisation, übersetzt und herausgegeben durch das Deutsche Institut für Medizinische Dokumentation und Information von der International classification of functioning, disability and health – ICF, herausgegeben durch die Weltgesundheitsorganisation." />
  <fhirVersion value="4.0.1" />
  <kind value="resource" />
  <abstract value="false" />
  <type value="Device" />
  <baseDefinition value="https://fhir.kbv.de/StructureDefinition/KBV_PR_Base_Device|1.4.0" />
  <derivation value="constraint" />
  <differential>
    <element id="Device">
		<path value="Device"/>
		<definition value="Dieses Profil bildet ein Implantat ab."/>
		<constraint>
			<key value="dev-khe-1" />
			<severity value="error" />
			<human value="If manufactureDate exits at least year, month and day are needed" />
			<expression value="manufactureDate.exists() implies manufactureDate.toString().length() &gt;= 10" />
			<source value="https://fhir.kbv.de/StructureDefinition/KBV_PR_MIO_KHE_Device_Implant" />
		</constraint>
		<constraint>
			<key value="dev-khe-2" />
			<severity value="error" />
			<human value="If expirationDate exits at least year, month and day are needed" />
			<expression value="expirationDate.exists() implies expirationDate.toString().length() &gt;= 10" />
			<source value="https://fhir.kbv.de/StructureDefinition/KBV_PR_MIO_KHE_Device_Implant" />
		</constraint>
	</element>
	<element id="Device.meta">
      <path value="Device.meta" />
      <min value="1" />
    </element>
    <element id="Device.meta.versionId">
      <path value="Device.meta.versionId" />
      <max value="0" />
    </element>
    <element id="Device.meta.lastUpdated">
      <path value="Device.meta.lastUpdated" />
      <max value="0" />
    </element>
    <element id="Device.meta.source">
      <path value="Device.meta.source" />
      <max value="0" />
    </element>
    <element id="Device.meta.profile">
      <path value="Device.meta.profile" />
      <slicing>
        <discriminator>
          <type value="value" />
          <path value="$this" />
        </discriminator>
        <rules value="open" />
      </slicing>
      <min value="1" />
    </element>
    <element id="Device.meta.profile:mioProfile">
      <path value="Device.meta.profile" />
      <sliceName value="mioProfile" />
      <min value="1" />
      <max value="1" />
      <patternCanonical value="https://fhir.kbv.de/StructureDefinition/KBV_PR_MIO_KHE_Device_Implant|1.0.0" />
    </element>
    <element id="Device.meta.security">
      <path value="Device.meta.security" />
      <max value="0" />
    </element>
    <element id="Device.meta.tag">
      <path value="Device.meta.tag" />
      <max value="0" />
    </element>
    <element id="Device.implicitRules">
      <path value="Device.implicitRules" />
      <max value="0" />
    </element>
    <element id="Device.language">
      <path value="Device.language" />
      <max value="0" />
    </element>
    <element id="Device.text">
      <path value="Device.text" />
      <definition value="In diesem Element können die in der Instanz enthaltenen Informationen in einer menschenlesbaren Form zusammengefasst werden. Dabei ist zu beachten, dass keine Informationen aufgenommen werden dürfen, die nicht in strukturierter Form an anderer Stelle in der Instanz enthalten sind." />
    </element>
    <element id="Device.text.status">
      <path value="Device.text.status" />
      <patternCode value="extensions" />
    </element>
    <element id="Device.contained">
      <path value="Device.contained" />
      <max value="0" />
    </element>
    <element id="Device.extension">
      <path value="Device.extension" />
      <slicing>
		<discriminator>
          <type value="value" />
          <path value="url" />
        </discriminator>
        <rules value="closed" />
      </slicing>
      <max value="2" />
      <mustSupport value="true" />
    </element>
    <element id="Device.extension:verantwortlichePersonEinrichtung">
      <path value="Device.extension" />
      <sliceName value="verantwortlichePersonEinrichtung" />
      <mustSupport value="true" />
    </element>
    <element id="Device.extension:verantwortlichePersonEinrichtung.value[x]">
      <path value="Device.extension.value[x]" />
      <mustSupport value="true" />
    </element>
    <element id="Device.extension:verantwortlichePersonEinrichtung.value[x]:valueReference">
      <path value="Device.extension.value[x]" />
      <sliceName value="valueReference" />
      <type>
        <code value="Reference" />
        <targetProfile value="https://fhir.kbv.de/StructureDefinition/KBV_PR_MIO_KHE_PractitionerRole|1.0.0" />
        <targetProfile value="https://fhir.kbv.de/StructureDefinition/KBV_PR_MIO_KHE_Practitioner|1.0.0" />
        <targetProfile value="https://fhir.kbv.de/StructureDefinition/KBV_PR_MIO_KHE_Organization|1.0.0" />
      </type>
      <mustSupport value="true" />
    </element>
    <element id="Device.extension:verantwortlichePersonEinrichtung.value[x]:valueReference.reference">
      <path value="Device.extension.value[x].reference" />
      <min value="1" />
      <mustSupport value="true" />
    </element>
    <element id="Device.extension:verantwortlichePersonEinrichtung.value[x]:valueReference.type">
      <path value="Device.extension.value[x].type" />
      <max value="0" />
    </element>
    <element id="Device.extension:verantwortlichePersonEinrichtung.value[x]:valueReference.identifier">
      <path value="Device.extension.value[x].identifier" />
      <max value="0" />
    </element>
    <element id="Device.extension:verantwortlichePersonEinrichtung.value[x]:valueReference.display">
      <path value="Device.extension.value[x].display" />
      <max value="0" />
    </element>
    <element id="Device.extension:sonderanfertigungSonderzulassung">
      <path value="Device.extension" />
      <sliceName value="sonderanfertigungSonderzulassung" />
      <definition value="Hier kann angegeben werden, ob es sich bei dem Artikel um ein spezialangefertigtes Implantat oder ein Implantat mit Sonderzulassung handelt." />
      <max value="1" />
      <type>
        <code value="Extension" />
        <profile value="https://fhir.kbv.de/StructureDefinition/KBV_EX_MIO_KHE_Special_Approval" />
      </type>
      <mustSupport value="true" />
      <isModifier value="false" />
    </element>
    <element id="Device.extension:sonderanfertigungSonderzulassung.value[x]">
      <path value="Device.extension.value[x]" />
      <mustSupport value="true" />
    </element>
    <element id="Device.extension:sonderanfertigungSonderzulassung.value[x]:valueBoolean">
      <path value="Device.extension.value[x]" />
      <sliceName value="valueBoolean" />
      <mustSupport value="true" />
    </element>
    <element id="Device.identifier">
      <path value="Device.identifier" />
      <definition value="Angabe weiterer eineindeutiger Produktnummern." />
      <mustSupport value="true" />
    </element>
    <element id="Device.identifier.use">
      <path value="Device.identifier.use" />
      <max value="0" />
    </element>
    <element id="Device.identifier.type">
      <path value="Device.identifier.type" />
      <mustSupport value="true" />
    </element>
    <element id="Device.identifier.type.coding">
      <path value="Device.identifier.type.coding" />
      <max value="0" />
    </element>
    <element id="Device.identifier.type.text">
      <path value="Device.identifier.type.text" />
      <mustSupport value="true" />
    </element>
    <element id="Device.identifier.system">
      <path value="Device.identifier.system" />
      <max value="0" />
    </element>
    <element id="Device.identifier.value">
      <path value="Device.identifier.value" />
      <mustSupport value="true" />
    </element>
    <element id="Device.identifier.period">
      <path value="Device.identifier.period" />
      <max value="0" />
    </element>
    <element id="Device.identifier.assigner">
      <path value="Device.identifier.assigner" />
      <max value="0" />
    </element>
    <element id="Device.definition">
      <path value="Device.definition" />
      <definition value="Hier erfolgt die Referenzierung der zugehörigen DeviceDefinition." />
      <type>
        <code value="Reference" />
        <targetProfile value="https://fhir.kbv.de/StructureDefinition/KBV_PR_MIO_KHE_DeviceDefinition|1.0.0" />
      </type>
      <mustSupport value="true" />
    </element>
    <element id="Device.definition.reference">
      <path value="Device.definition.reference" />
      <mustSupport value="true" />
    </element>
    <element id="Device.definition.type">
      <path value="Device.definition.type" />
      <max value="0" />
    </element>
    <element id="Device.definition.identifier">
      <path value="Device.definition.identifier" />
      <max value="0" />
    </element>
    <element id="Device.definition.display">
      <path value="Device.definition.display" />
      <max value="0" />
    </element>
    <element id="Device.udiCarrier">
      <path value="Device.udiCarrier" />
      <max value="1" />
      <mustSupport value="true" />
    </element>
    <element id="Device.udiCarrier.deviceIdentifier">
      <path value="Device.udiCarrier.deviceIdentifier" />
      <mustSupport value="true" />
    </element>
    <element id="Device.udiCarrier.issuer">
      <path value="Device.udiCarrier.issuer" />
      <max value="0" />
    </element>
    <element id="Device.udiCarrier.jurisdiction">
      <path value="Device.udiCarrier.jurisdiction" />
      <max value="0" />
    </element>
    <element id="Device.udiCarrier.carrierAIDC">
      <path value="Device.udiCarrier.carrierAIDC" />
      <max value="0" />
    </element>
    <element id="Device.udiCarrier.carrierHRF">
      <path value="Device.udiCarrier.carrierHRF" />
      <max value="0" />
    </element>
    <element id="Device.udiCarrier.entryType">
      <path value="Device.udiCarrier.entryType" />
      <max value="0" />
    </element>
    <element id="Device.status">
      <path value="Device.status" />
      <definition value="Hier kann der gegenwärtige Status des Geräts angegeben werden." />
      <mustSupport value="true" />
    </element>
    <element id="Device.statusReason">
      <path value="Device.statusReason" />
      <definition value="Hier wird der Grund für den gegenwärtigen Status des Geräts als Code angegeben." />
      <max value="1" />
      <mustSupport value="true" />
    </element>
    <element id="Device.statusReason.coding">
      <path value="Device.statusReason.coding" />
      <max value="1" />
      <mustSupport value="true" />
    </element>
    <element id="Device.statusReason.coding.system">
      <path value="Device.statusReason.coding.system" />
      <mustSupport value="true" />
    </element>
    <element id="Device.statusReason.coding.version">
      <path value="Device.statusReason.coding.version" />
      <mustSupport value="true" />
    </element>
    <element id="Device.statusReason.coding.code">
      <path value="Device.statusReason.coding.code" />
      <mustSupport value="true" />
    </element>
    <element id="Device.statusReason.coding.display">
      <path value="Device.statusReason.coding.display" />
      <min value="1" />
      <mustSupport value="true" />
    </element>
    <element id="Device.statusReason.coding.userSelected">
      <path value="Device.statusReason.coding.userSelected" />
      <max value="0" />
    </element>
    <element id="Device.statusReason.text">
      <path value="Device.statusReason.text" />
      <max value="0" />
    </element>
    <element id="Device.distinctIdentifier">
      <path value="Device.distinctIdentifier" />
      <definition value="UDI Production Identifier" />
      <mustSupport value="true" />
    </element>
    <element id="Device.manufacturer">
      <path value="Device.manufacturer" />
      <max value="0" />
    </element>
    <element id="Device.manufactureDate">
      <path value="Device.manufactureDate" />
      <definition value="Datum, an dem das Gerät hergestellt wurde." />
      <mustSupport value="true" />
    </element>
    <element id="Device.expirationDate">
      <path value="Device.expirationDate" />
      <definition value="Hier kann angegeben werden, bis wann das Gerät verwendet werden kann." />
      <mustSupport value="true" />
    </element>
    <element id="Device.lotNumber">
      <path value="Device.lotNumber" />
      <definition value="Chargennummer des Geräts." />
      <mustSupport value="true" />
    </element>
    <element id="Device.serialNumber">
      <path value="Device.serialNumber" />
      <definition value="Seriennummer des Geräts." />
      <mustSupport value="true" />
    </element>
    <element id="Device.deviceName">
      <path value="Device.deviceName" />
      <mustSupport value="true" />
    </element>
    <element id="Device.deviceName.name">
      <path value="Device.deviceName.name" />
      <mustSupport value="true" />
    </element>
    <element id="Device.deviceName.type">
      <path value="Device.deviceName.type" />
      <mustSupport value="true" />
    </element>
    <element id="Device.modelNumber">
      <path value="Device.modelNumber" />
      <definition value="Modellnummer des Geräts." />
      <mustSupport value="true" />
    </element>
    <element id="Device.partNumber">
      <path value="Device.partNumber" />
      <max value="0" />
    </element>
    <element id="Device.type">
      <path value="Device.type" />
      <definition value="Enthält die Bezeichnung des Produkttyps als Code oder als Freitexteintrag." />
      <mustSupport value="true" />
    </element>
    <element id="Device.type.coding">
      <path value="Device.type.coding" />
      <definition value="Hier kann der spezifische Gerätetyp in Form eines Codes angegeben werden." />
      <mustSupport value="true" />
    </element>
    <element id="Device.type.coding:snomed">
      <path value="Device.type.coding" />
      <sliceName value="snomed" />
      <definition value="Hier kann ein Code aus SNOMED CT®-Code angegeben werden." />
      <mustSupport value="true" />
    </element>
    <element id="Device.type.coding:snomed.system">
      <path value="Device.type.coding.system" />
      <mustSupport value="true" />
    </element>
    <element id="Device.type.coding:snomed.version">
      <path value="Device.type.coding.version" />
      <mustSupport value="true" />
    </element>
    <element id="Device.type.coding:snomed.code">
      <path value="Device.type.coding.code" />
      <mustSupport value="true" />
    </element>
    <element id="Device.type.coding:snomed.display">
      <path value="Device.type.coding.display" />
      <mustSupport value="true" />
    </element>
    <element id="Device.type.coding:snomed.userSelected">
      <path value="Device.type.coding.userSelected" />
      <max value="0" />
    </element>
    <element id="Device.type.text">
      <path value="Device.type.text" />
      <definition value="Dieses Element enthält eine freitextliche Bezeichnung der Art des Geräts." />
      <mustSupport value="true" />
    </element>
    <element id="Device.specialization">
      <path value="Device.specialization" />
      <max value="0" />
    </element>
    <element id="Device.version">
      <path value="Device.version" />
      <definition value="Hier kann eine Version angeben werden, z. B. Version der Software, mit der das Gerät verwendet wird, oder Version der Hardware." />
      <mustSupport value="true" />
    </element>
    <element id="Device.version.type">
      <path value="Device.version.type" />
      <max value="0" />
    </element>
    <element id="Device.version.component">
      <path value="Device.version.component" />
      <max value="0" />
    </element>
    <element id="Device.version.value">
      <path value="Device.version.value" />
      <definition value="Version" />
      <mustSupport value="true" />
    </element>
    <element id="Device.property">
      <path value="Device.property" />
      <max value="0" />
    </element>
    <element id="Device.patient">
      <path value="Device.patient" />
      <definition value="Hier erfolgt die Referenzierung der zu behandelnden Person."/>
      <min value="1" />
      <type>
        <code value="Reference" />
        <targetProfile value="https://fhir.kbv.de/StructureDefinition/KBV_PR_MIO_KHE_Patient|1.0.0" />
      </type>
      <mustSupport value="true" />
    </element>
    <element id="Device.patient.reference">
      <path value="Device.patient.reference" />
      <min value="1" />
      <mustSupport value="true" />
    </element>
    <element id="Device.patient.type">
      <path value="Device.patient.type" />
      <max value="0" />
    </element>
    <element id="Device.patient.identifier">
      <path value="Device.patient.identifier" />
      <max value="0" />
    </element>
    <element id="Device.patient.display">
      <path value="Device.patient.display" />
      <max value="0" />
    </element>
    <element id="Device.owner">
      <path value="Device.owner" />
      <max value="0" />
    </element>
    <element id="Device.contact">
      <path value="Device.contact" />
      <max value="0" />
    </element>
    <element id="Device.location">
      <path value="Device.location" />
      <max value="0" />
    </element>
    <element id="Device.url">
      <path value="Device.url" />
      <max value="0" />
    </element>
    <element id="Device.note">
      <path value="Device.note" />
      <max value="0" />
    </element>
    <element id="Device.safety">
      <path value="Device.safety" />
      <max value="0" />
    </element>
    <element id="Device.parent">
      <path value="Device.parent" />
      <max value="0" />
    </element>
  </differential>
</StructureDefinition>