<?xml version="1.0" encoding="utf-8"?>
<StructureDefinition xmlns="http://hl7.org/fhir">
  <id value="KBV-PR-MIO-KHE-Organization-Manufacturer" />
  <url value="https://fhir.kbv.de/StructureDefinition/KBV_PR_MIO_KHE_Organization_Manufacturer" />
  <version value="1.0.0" />
  <name value="KBV_PR_MIO_KHE_Organization_Manufacturer" />
  <title value="KBV_PR_MIO_KHE_Organization_Manufacturer" />
  <status value="draft" />
  <publisher value="Kassenärztliche Bundesvereinigung (KBV)" />
  <description value="Dieses Profil bildet einen Geräte-Hersteller ab." />
  <copyright value="Im folgenden Profil können Codes aus den Code-Systemen SNOMED CT®, LOINC, Ucum, ATC, ICD-10-GM, ICD-10-WHO, OPS, Alpha-ID/Alpha-ID-SE und ICF enthalten sein, die dem folgenden Urheberrecht unterliegen: This material includes SNOMED CT® Clinical Terms® (SNOMED CT® CT®) which is used by permission of SNOMED CT® International. All rights reserved. SNOMED CT® CT®, was originally created by The College of American Pathologists. SNOMED CT® and SNOMED CT® CT are registered trademarks of SNOMED CT® International. Implementers of these artefacts must have the appropriate SNOMED CT® CT Affiliate license. This material contains content from LOINC (http://LOINC.org). LOINC is copyright © 1995-2020, Regenstrief Institute, Inc. and the Logical Observation Identifiers Names and Codes (LOINC) Committee and is available at no cost under the license at http://LOINC.org/license. LOINC® is a registered United States trademark of Regenstrief Institute, Inc. This product includes all or a portion of the UCUM table, UCUM codes, and UCUM definitions or is derived from it, subject to a license from Regenstrief Institute, Inc. and The UCUM Organization. Your use of the UCUM table, UCUM codes, UCUM definitions also is subject to this license, a copy of which is available at ​http://unitsofmeasure.org. The current complete UCUM table, UCUM Specification are available for download at ​http://unitsofmeasure.org. The UCUM table and UCUM codes are copyright © 1995-2009, Regenstrief Institute, Inc. and the Unified Codes for Units of Measures (UCUM) Organization. All rights reserved. THE UCUM TABLE (IN ALL FORMATS), UCUM DEFINITIONS, AND SPECIFICATION ARE PROVIDED 'AS IS.' ANY EXPRESS OR IMPLIED WARRANTIES ARE DISCLAIMED, INCLUDING, BUT NOT LIMITED TO, THE IMPLIED WARRANTIES OF MERCHANTABILITY AND FITNESS FOR A PARTICULAR PURPOSE. Dieses Material enthält Inhalte aus ATC. Die Erstellung erfolgte unter Verwendung der Datenträger der amtlichen Fassung der ATC-Klassifikation mit DDD des Bundesinstituts für Arzneimittel und Medizinprodukte (BfArM). Dieses Material enthält Inhalte aus ICD-10-GM, ICD-10-WHO, OPS Alpha-ID ans Alpha-ID-SE. Die Erstellung erfolgt unter Verwendung der maschinenlesbaren Fassung des Bundesinstituts für Arzneimittel und Medizinprodukte (BfArM). Dieses Material enthält Inhalte aus ICF. Die Erstellung erfolgt unter Verwendung der maschinenlesbaren Fassung des Deutschen Instituts für Medizinische Dokumentation und Information (DIMDI). ICF-Kodes, -Begriffe und -Texte © Weltgesundheitsorganisation, übersetzt und herausgegeben durch das Deutsche Institut für Medizinische Dokumentation und Information von der International classification of functioning, disability and health – ICF, herausgegeben durch die Weltgesundheitsorganisation." />
  <fhirVersion value="4.0.1" />
  <kind value="resource" />
  <abstract value="false" />
  <type value="Organization" />
  <baseDefinition value="https://fhir.kbv.de/StructureDefinition/KBV_PR_Base_Organization|1.4.0" />
  <derivation value="constraint" />
  <differential>
    <element id="Organization.meta">
      <path value="Organization.meta" />
      <min value="1" />
    </element>
    <element id="Organization.meta.versionId">
      <path value="Organization.meta.versionId" />
      <max value="0" />
    </element>
    <element id="Organization.meta.lastUpdated">
      <path value="Organization.meta.lastUpdated" />
      <max value="0" />
    </element>
    <element id="Organization.meta.source">
      <path value="Organization.meta.source" />
      <max value="0" />
    </element>
    <element id="Organization.meta.profile">
      <path value="Organization.meta.profile" />
      <slicing>
        <discriminator>
          <type value="value" />
          <path value="$this" />
        </discriminator>
        <rules value="open" />
      </slicing>
      <min value="1" />
    </element>
    <element id="Organization.meta.profile:mioProfile">
      <path value="Organization.meta.profile" />
      <sliceName value="mioProfile" />
      <min value="1" />
      <max value="1" />
      <patternCanonical value="https://fhir.kbv.de/StructureDefinition/KBV_PR_MIO_KHE_Organization_Manufacturer|1.0.0" />
    </element>
    <element id="Organization.meta.security">
      <path value="Organization.meta.security" />
      <max value="0" />
    </element>
    <element id="Organization.meta.tag">
      <path value="Organization.meta.tag" />
      <max value="0" />
    </element>
    <element id="Organization.implicitRules">
      <path value="Organization.implicitRules" />
      <max value="0" />
    </element>
    <element id="Organization.language">
      <path value="Organization.language" />
      <max value="0" />
    </element>
    <element id="Organization.text">
      <path value="Organization.text" />
      <definition value="In diesem Element können die in der Instanz enthaltenen Informationen in einer menschenlesbaren Form zusammengefasst werden. Dabei ist zu beachten, dass keine Informationen aufgenommen werden dürfen, die nicht in strukturierter Form an anderer Stelle in der Instanz enthalten sind." />
    </element>
    <element id="Organization.text.status">
      <path value="Organization.text.status" />
      <patternCode value="extensions" />
    </element>
    <element id="Organization.contained">
      <path value="Organization.contained" />
      <max value="0" />
    </element>
    <element id="Organization.extension">
      <path value="Organization.extension" />
      <slicing>
		<discriminator>
          <type value="value" />
          <path value="url" />
        </discriminator>
        <rules value="closed" />
      </slicing>
      <max value="1" />
      <mustSupport value="true" />
    </element>
    <element id="Organization.extension:ergaenzende_Angaben">
      <path value="Organization.extension" />
      <sliceName value="ergaenzende_Angaben" />
      <mustSupport value="true" />
    </element>
    <element id="Organization.extension:ergaenzende_Angaben.value[x]">
      <path value="Organization.extension.value[x]" />
      <mustSupport value="true" />
    </element>
    <element id="Organization.extension:ergaenzende_Angaben.value[x]:valueString">
      <path value="Organization.extension.value[x]" />
      <sliceName value="valueString" />
      <mustSupport value="true" />
    </element>
    <element id="Organization.identifier">
      <path value="Organization.identifier" />
      <max value="0" />
    </element>
    <element id="Organization.active">
      <path value="Organization.active" />
      <max value="0" />
    </element>
    <element id="Organization.type">
      <path value="Organization.type" />
      <max value="0" />
    </element>
    <element id="Organization.name">
      <path value="Organization.name" />
      <definition value="Hier wird der Name der Einrichtung angegeben." />
      <mustSupport value="true" />
    </element>
    <element id="Organization.alias">
      <path value="Organization.alias" />
      <max value="0" />
    </element>
    <element id="Organization.telecom">
      <path value="Organization.telecom" />
      <mustSupport value="true" />
    </element>
    <element id="Organization.telecom.system">
      <path value="Organization.telecom.system" />
      <definition value="Definition der Art des Kontaktes, z. B. Telefon (phone), E-Mail, Fax." />
      <mustSupport value="true" />
    </element>
    <element id="Organization.telecom.value">
      <path value="Organization.telecom.value" />
      <definition value="In diesem Element können Kontaktinformationen passend zum Kontaktkanal angegeben werden." />
      <mustSupport value="true" />
    </element>
    <element id="Organization.telecom.use">
      <path value="Organization.telecom.use" />
      <max value="0" />
    </element>
    <element id="Organization.telecom.rank">
      <path value="Organization.telecom.rank" />
      <max value="0" />
    </element>
    <element id="Organization.telecom.period">
      <path value="Organization.telecom.period" />
      <max value="0" />
    </element>
    <element id="Organization.address">
      <path value="Organization.address" />
      <slicing>
		<discriminator>
          <type value="value" />
          <path value="type" />
        </discriminator>
        <rules value="closed" />
      </slicing>
      <definition value="Hier wird die Adresse der Einrichtung abgebildet." />
      <mustSupport value="true" />
    </element>
    <element id="Organization.address:Strassenanschrift">
      <path value="Organization.address" />
      <sliceName value="Strassenanschrift" />
      <mustSupport value="true" />
    </element>
    <element id="Organization.address:Strassenanschrift.extension">
      <path value="Organization.address.extension" />
      <slicing>
		<discriminator>
          <type value="value" />
          <path value="url" />
        </discriminator>
        <rules value="closed" />
      </slicing>
      <max value="1" />
      <mustSupport value="true" />
    </element>
    <element id="Organization.address:Strassenanschrift.extension:Stadtteil">
      <path value="Organization.address.extension" />
      <sliceName value="Stadtteil" />
      <mustSupport value="true" />
    </element>
    <element id="Organization.address:Strassenanschrift.extension:Stadtteil.value[x]">
      <path value="Organization.address.extension.value[x]" />
      <slicing>
        <discriminator>
          <type value="type" />
          <path value="$this" />
        </discriminator>
        <rules value="closed" />
      </slicing>
      <mustSupport value="true" />
    </element>
    <element id="Organization.address:Strassenanschrift.extension:Stadtteil.value[x]:valueString">
      <path value="Organization.address.extension.value[x]" />
      <sliceName value="valueString" />
      <min value="1" />
      <mustSupport value="true" />
    </element>
    <element id="Organization.address:Strassenanschrift.use">
      <path value="Organization.address.use" />
      <max value="0" />
    </element>
    <element id="Organization.address:Strassenanschrift.text">
      <path value="Organization.address.text" />
      <max value="0" />
    </element>
    <element id="Organization.address:Strassenanschrift.line">
      <path value="Organization.address.line" />
      <mustSupport value="true" />
    </element>
    <element id="Organization.address:Strassenanschrift.line.extension">
      <path value="Organization.address.line.extension" />
      <slicing>
		<discriminator>
          <type value="value" />
          <path value="url" />
        </discriminator>
        <rules value="closed" />
      </slicing>
      <max value="3" />
      <mustSupport value="true" />
    </element>
    <element id="Organization.address:Strassenanschrift.line.extension:Strasse">
      <path value="Organization.address.line.extension" />
      <sliceName value="Strasse" />
      <mustSupport value="true" />
    </element>
    <element id="Organization.address:Strassenanschrift.line.extension:Strasse.value[x]">
      <path value="Organization.address.line.extension.value[x]" />
      <slicing>
        <discriminator>
          <type value="type" />
          <path value="$this" />
        </discriminator>
        <rules value="closed" />
      </slicing>
      <mustSupport value="true" />
    </element>
    <element id="Organization.address:Strassenanschrift.line.extension:Strasse.value[x]:valueString">
      <path value="Organization.address.line.extension.value[x]" />
      <sliceName value="valueString" />
      <min value="1" />
      <mustSupport value="true" />
    </element>
    <element id="Organization.address:Strassenanschrift.line.extension:Hausnummer">
      <path value="Organization.address.line.extension" />
      <sliceName value="Hausnummer" />
      <mustSupport value="true" />
    </element>
    <element id="Organization.address:Strassenanschrift.line.extension:Hausnummer.value[x]">
      <path value="Organization.address.line.extension.value[x]" />
      <slicing>
        <discriminator>
          <type value="type" />
          <path value="$this" />
        </discriminator>
        <rules value="closed" />
      </slicing>
      <mustSupport value="true" />
    </element>
    <element id="Organization.address:Strassenanschrift.line.extension:Hausnummer.value[x]:valueString">
      <path value="Organization.address.line.extension.value[x]" />
      <sliceName value="valueString" />
      <min value="1" />
      <mustSupport value="true" />
    </element>
    <element id="Organization.address:Strassenanschrift.line.extension:Adresszusatz">
      <path value="Organization.address.line.extension" />
      <sliceName value="Adresszusatz" />
      <mustSupport value="true" />
    </element>
    <element id="Organization.address:Strassenanschrift.line.extension:Adresszusatz.value[x]">
      <path value="Organization.address.line.extension.value[x]" />
      <slicing>
        <discriminator>
          <type value="type" />
          <path value="$this" />
        </discriminator>
        <rules value="closed" />
      </slicing>
    </element>
    <element id="Organization.address:Strassenanschrift.line.extension:Adresszusatz.value[x]:valueString">
      <path value="Organization.address.line.extension.value[x]" />
      <sliceName value="valueString" />
      <min value="1" />
      <mustSupport value="true" />
    </element>
    <element id="Organization.address:Strassenanschrift.city">
      <path value="Organization.address.city" />
      <mustSupport value="true" />
    </element>
    <element id="Organization.address:Strassenanschrift.state">
      <path value="Organization.address.state" />
      <max value="0" />
    </element>
    <element id="Organization.address:Strassenanschrift.postalCode">
      <path value="Organization.address.postalCode" />
      <mustSupport value="true" />
    </element>
    <element id="Organization.address:Strassenanschrift.country">
      <path value="Organization.address.country" />
      <mustSupport value="true" />
    </element>
    <element id="Organization.address:Strassenanschrift.period">
      <path value="Organization.address.period" />
      <max value="0" />
    </element>
    <element id="Organization.address:Postfach">
      <path value="Organization.address" />
      <sliceName value="Postfach" />
      <mustSupport value="true" />
    </element>
    <element id="Organization.address:Postfach.extension">
      <path value="Organization.address.extension" />
      <slicing>
		<discriminator>
          <type value="value" />
          <path value="url" />
        </discriminator>
        <rules value="closed" />
      </slicing>
      <max value="1" />
      <mustSupport value="true" />
    </element>
    <element id="Organization.address:Postfach.extension:Stadtteil">
      <path value="Organization.address.extension" />
      <sliceName value="Stadtteil" />
      <mustSupport value="true" />
    </element>
    <element id="Organization.address:Postfach.extension:Stadtteil.value[x]">
      <path value="Organization.address.extension.value[x]" />
      <slicing>
        <discriminator>
          <type value="type" />
          <path value="$this" />
        </discriminator>
        <rules value="closed" />
      </slicing>
      <mustSupport value="true" />
    </element>
    <element id="Organization.address:Postfach.extension:Stadtteil.value[x]:valueString">
      <path value="Organization.address.extension.value[x]" />
      <sliceName value="valueString" />
      <min value="1" />
      <mustSupport value="true" />
    </element>
    <element id="Organization.address:Postfach.use">
      <path value="Organization.address.use" />
      <max value="0" />
    </element>
    <element id="Organization.address:Postfach.text">
      <path value="Organization.address.text" />
      <max value="0" />
    </element>
    <element id="Organization.address:Postfach.line">
      <path value="Organization.address.line" />
      <max value="1" />
      <mustSupport value="true" />
    </element>
    <element id="Organization.address:Postfach.line.extension:Postfach">
      <path value="Organization.address.line.extension" />
      <sliceName value="Postfach" />
      <mustSupport value="true" />
    </element>
    <element id="Organization.address:Postfach.line.extension:Postfach.value[x]">
      <path value="Organization.address.line.extension.value[x]" />
      <slicing>
        <discriminator>
          <type value="type" />
          <path value="$this" />
        </discriminator>
        <rules value="closed" />
      </slicing>
      <mustSupport value="true" />
    </element>
    <element id="Organization.address:Postfach.line.extension:Postfach.value[x]:valueString">
      <path value="Organization.address.line.extension.value[x]" />
      <sliceName value="valueString" />
      <min value="1" />
      <mustSupport value="true" />
    </element>
    <element id="Organization.address:Postfach.city">
      <path value="Organization.address.city" />
      <mustSupport value="true" />
    </element>
    <element id="Organization.address:Postfach.state">
      <path value="Organization.address.state" />
      <max value="0" />
    </element>
    <element id="Organization.address:Postfach.postalCode">
      <path value="Organization.address.postalCode" />
      <mustSupport value="true" />
    </element>
    <element id="Organization.address:Postfach.country">
      <path value="Organization.address.country" />
      <mustSupport value="true" />
    </element>
    <element id="Organization.address:Postfach.period">
      <path value="Organization.address.period" />
      <max value="0" />
    </element>
    <element id="Organization.partOf">
      <path value="Organization.partOf" />
      <max value="0" />
    </element>
    <element id="Organization.contact">
      <path value="Organization.contact" />
      <max value="0" />
    </element>
    <element id="Organization.endpoint">
      <path value="Organization.endpoint" />
      <max value="0" />
    </element>
  </differential>
</StructureDefinition>