<?xml version="1.0" encoding="utf-8"?>
<StructureDefinition xmlns="http://hl7.org/fhir">
  <id value="KBV-PR-MIO-KHE-Observation-Clinical-Examination-Report" />
  <url value="https://fhir.kbv.de/StructureDefinition/KBV_PR_MIO_KHE_Observation_Clinical_Examination_Report" />
  <version value="1.0.0" />
  <name value="KBV_PR_MIO_KHE_Observation_Clinical_Examination_Report" />
  <title value="KBV_PR_MIO_KHE_Observation_Clinical_Examination_Report" />
  <status value="draft" />
  <publisher value="Kassenärztliche Bundesvereinigung (KBV)" />
  <description value="Dieses Profil bildet einen klinischen Untersuchungebefund ab." />
  <copyright value="Im folgenden Profil können Codes aus den Code-Systemen SNOMED CT®, LOINC, Ucum, ATC, ICD-10-GM, ICD-10-WHO, OPS, Alpha-ID/Alpha-ID-SE und ICF enthalten sein, die dem folgenden Urheberrecht unterliegen: This material includes SNOMED CT® Clinical Terms® (SNOMED CT® CT®) which is used by permission of SNOMED CT® International. All rights reserved. SNOMED CT® CT®, was originally created by The College of American Pathologists. SNOMED CT® and SNOMED CT® CT are registered trademarks of SNOMED CT® International. Implementers of these artefacts must have the appropriate SNOMED CT® CT Affiliate license. This material contains content from LOINC (http://LOINC.org). LOINC is copyright © 1995-2020, Regenstrief Institute, Inc. and the Logical Observation Identifiers Names and Codes (LOINC) Committee and is available at no cost under the license at http://LOINC.org/license. LOINC® is a registered United States trademark of Regenstrief Institute, Inc. This product includes all or a portion of the UCUM table, UCUM codes, and UCUM definitions or is derived from it, subject to a license from Regenstrief Institute, Inc. and The UCUM Organization. Your use of the UCUM table, UCUM codes, UCUM definitions also is subject to this license, a copy of which is available at ​http://unitsofmeasure.org. The current complete UCUM table, UCUM Specification are available for download at ​http://unitsofmeasure.org. The UCUM table and UCUM codes are copyright © 1995-2009, Regenstrief Institute, Inc. and the Unified Codes for Units of Measures (UCUM) Organization. All rights reserved. THE UCUM TABLE (IN ALL FORMATS), UCUM DEFINITIONS, AND SPECIFICATION ARE PROVIDED 'AS IS.' ANY EXPRESS OR IMPLIED WARRANTIES ARE DISCLAIMED, INCLUDING, BUT NOT LIMITED TO, THE IMPLIED WARRANTIES OF MERCHANTABILITY AND FITNESS FOR A PARTICULAR PURPOSE. Dieses Material enthält Inhalte aus ATC. Die Erstellung erfolgte unter Verwendung der Datenträger der amtlichen Fassung der ATC-Klassifikation mit DDD des Bundesinstituts für Arzneimittel und Medizinprodukte (BfArM). Dieses Material enthält Inhalte aus ICD-10-GM, ICD-10-WHO, OPS Alpha-ID ans Alpha-ID-SE. Die Erstellung erfolgt unter Verwendung der maschinenlesbaren Fassung des Bundesinstituts für Arzneimittel und Medizinprodukte (BfArM). Dieses Material enthält Inhalte aus ICF. Die Erstellung erfolgt unter Verwendung der maschinenlesbaren Fassung des Deutschen Instituts für Medizinische Dokumentation und Information (DIMDI). ICF-Kodes, -Begriffe und -Texte © Weltgesundheitsorganisation, übersetzt und herausgegeben durch das Deutsche Institut für Medizinische Dokumentation und Information von der International classification of functioning, disability and health – ICF, herausgegeben durch die Weltgesundheitsorganisation." />
  <fhirVersion value="4.0.1" />
  <kind value="resource" />
  <abstract value="false" />
  <type value="Observation" />
  <baseDefinition value="http://hl7.org/fhir/StructureDefinition/Observation" />
  <derivation value="constraint" />
  <differential>
    <element id="Observation">
      <path value="Observation" />
      <definition value="Dieses Profil bildet einen klinischen Untersuchungebefund ab." />
    </element>
    <element id="Observation.meta">
      <path value="Observation.meta" />
      <min value="1" />
    </element>
    <element id="Observation.meta.versionId">
      <path value="Observation.meta.versionId" />
      <max value="0" />
    </element>
    <element id="Observation.meta.lastUpdated">
      <path value="Observation.meta.lastUpdated" />
      <max value="0" />
    </element>
    <element id="Observation.meta.source">
      <path value="Observation.meta.source" />
      <max value="0" />
    </element>
    <element id="Observation.meta.profile">
      <path value="Observation.meta.profile" />
      <slicing>
        <discriminator>
          <type value="value" />
          <path value="$this" />
        </discriminator>
        <rules value="open" />
      </slicing>
      <min value="1" />
    </element>
    <element id="Observation.meta.profile:mioProfile">
      <path value="Observation.meta.profile" />
      <sliceName value="mioProfile" />
      <min value="1" />
      <max value="1" />
      <patternCanonical value="https://fhir.kbv.de/StructureDefinition/KBV_PR_MIO_KHE_Observation_Clinical_Examination_Report|1.0.0" />
    </element>
    <element id="Observation.meta.security">
      <path value="Observation.meta.security" />
      <max value="0" />
    </element>
    <element id="Observation.meta.tag">
      <path value="Observation.meta.tag" />
      <max value="0" />
    </element>
    <element id="Observation.implicitRules">
      <path value="Observation.implicitRules" />
      <max value="0" />
    </element>
    <element id="Observation.language">
      <path value="Observation.language" />
      <max value="0" />
    </element>
    <element id="Observation.text">
      <path value="Observation.text" />
      <definition value="In diesem Element können die in der Instanz enthaltenen Informationen in einer menschenlesbaren Form zusammengefasst werden. Dabei ist zu beachten, dass keine Informationen aufgenommen werden dürfen, die nicht in strukturierter Form an anderer Stelle in der Instanz enthalten sind." />
    </element>
    <element id="Observation.text.status">
      <path value="Observation.text.status" />
      <patternCode value="extensions" />
    </element>
    <element id="Observation.contained">
      <path value="Observation.contained" />
      <max value="0" />
    </element>
    <element id="Observation.identifier">
      <path value="Observation.identifier" />
      <max value="0" />
    </element>
    <element id="Observation.basedOn">
      <path value="Observation.basedOn" />
      <max value="0" />
    </element>
    <element id="Observation.partOf">
      <path value="Observation.partOf" />
      <max value="0" />
    </element>
    <element id="Observation.category">
      <path value="Observation.category" />
      <max value="0" />
    </element>
    <element id="Observation.code">
      <path value="Observation.code" />
      <definition value="Dieses Element stellt das Konzept Klinischer Untersuchungsbefund als Code dar." />
      <patternCodeableConcept>
        <coding>
          <system value="http://snomed.info/sct" />
          <version value="http://snomed.info/sct/900000000000207008/version/20230731" />
          <code value="422813005" />
          <display value="Document section (record artifact)" />
        </coding>
      </patternCodeableConcept>
      <mustSupport value="true" />
    </element>
    <element id="Observation.code.coding">
      <path value="Observation.code.coding" />
      <min value="1" />
      <max value="1" />
      <mustSupport value="true" />
    </element>
    <element id="Observation.code.coding.system">
      <path value="Observation.code.coding.system" />
      <min value="1" />
      <mustSupport value="true" />
    </element>
    <element id="Observation.code.coding.version">
      <path value="Observation.code.coding.version" />
      <min value="1" />
      <mustSupport value="true" />
    </element>
    <element id="Observation.code.coding.code">
      <path value="Observation.code.coding.code" />
      <min value="1" />
      <mustSupport value="true" />
    </element>
    <element id="Observation.code.coding.display">
      <path value="Observation.code.coding.display" />
      <min value="1" />
      <mustSupport value="true" />
    </element>
    <element id="Observation.code.coding.userSelected">
      <path value="Observation.code.coding.userSelected" />
      <max value="0" />
    </element>
    <element id="Observation.code.text">
      <path value="Observation.code.text" />
      <short value="Überschrift" />
      <definition value="Hier kann eine Überschrift für den Abschnitt eingetragen werden." />
      <mustSupport value="true" />
    </element>
    <element id="Observation.subject">
      <path value="Observation.subject" />
      <definition value="Hier erfolgt die Referenzierung auf die zu behandelnde Person." />
      <min value="1" />
      <type>
        <code value="Reference" />
        <targetProfile value="https://fhir.kbv.de/StructureDefinition/KBV_PR_MIO_KHE_Patient|1.0.0" />
      </type>
      <mustSupport value="true" />
    </element>
    <element id="Observation.subject.reference">
      <path value="Observation.subject.reference" />
      <min value="1" />
      <mustSupport value="true" />
    </element>
    <element id="Observation.subject.type">
      <path value="Observation.subject.type" />
      <max value="0" />
    </element>
    <element id="Observation.subject.identifier">
      <path value="Observation.subject.identifier" />
      <max value="0" />
    </element>
    <element id="Observation.subject.display">
      <path value="Observation.subject.display" />
      <max value="0" />
    </element>
    <element id="Observation.focus">
      <path value="Observation.focus" />
      <max value="0" />
    </element>
    <element id="Observation.encounter">
      <path value="Observation.encounter" />
      <definition value="Fallbezug mit der Referenz auf den Encounter (Falldaten) herstellen. Wenn die Information vorhanden ist, soll das Feld ausgefüllt werden." />
      <type>
        <code value="Reference" />
        <targetProfile value="https://fhir.kbv.de/StructureDefinition/KBV_PR_MIO_KHE_Encounter_Case_Records|1.0.0" />
      </type>
      <mustSupport value="true" />
    </element>
    <element id="Observation.encounter.reference">
      <path value="Observation.encounter.reference" />
      <min value="1" />
      <mustSupport value="true" />
    </element>
    <element id="Observation.encounter.type">
      <path value="Observation.encounter.type" />
      <max value="0" />
    </element>
    <element id="Observation.encounter.identifier">
      <path value="Observation.encounter.identifier" />
      <max value="0" />
    </element>
    <element id="Observation.encounter.display">
      <path value="Observation.encounter.display" />
      <max value="0" />
    </element>
    <element id="Observation.effective[x]">
      <path value="Observation.effective[x]" />
      <max value="0" />
    </element>
    <element id="Observation.issued">
      <path value="Observation.issued" />
      <max value="0" />
    </element>
    <element id="Observation.performer">
      <path value="Observation.performer" />
      <max value="0" />
    </element>
    <element id="Observation.value[x]">
      <path value="Observation.value[x]" />
      <slicing>
        <discriminator>
          <type value="type" />
          <path value="$this" />
        </discriminator>
        <rules value="closed" />
      </slicing>
      <min value="1" />
      <type>
        <code value="string" />
      </type>
      <mustSupport value="true" />
    </element>
    <element id="Observation.value[x]:valueString">
      <path value="Observation.value[x]" />
      <sliceName value="valueString" />
      <definition value="Hier kann das Ergebnis einer klinischen Untersuchung (z.B. körperliche Untersuchung, Erhebung eines psychopathologischen Befundes) in Form von Text dokumentiert werden." />
      <min value="1" />
      <type>
        <code value="string" />
      </type>
      <mustSupport value="true" />
    </element>
    <element id="Observation.dataAbsentReason">
      <path value="Observation.dataAbsentReason" />
      <max value="0" />
    </element>
    <element id="Observation.interpretation">
      <path value="Observation.interpretation" />
      <max value="0" />
    </element>
    <element id="Observation.note">
      <path value="Observation.note" />
      <max value="0" />
    </element>
    <element id="Observation.bodySite">
      <path value="Observation.bodySite" />
      <max value="0" />
    </element>
    <element id="Observation.method">
      <path value="Observation.method" />
      <max value="0" />
    </element>
    <element id="Observation.specimen">
      <path value="Observation.specimen" />
      <max value="0" />
    </element>
    <element id="Observation.device">
      <path value="Observation.device" />
      <max value="0" />
    </element>
    <element id="Observation.referenceRange">
      <path value="Observation.referenceRange" />
      <max value="0" />
    </element>
    <element id="Observation.hasMember">
      <path value="Observation.hasMember" />
      <max value="0" />
    </element>
    <element id="Observation.derivedFrom">
      <path value="Observation.derivedFrom" />
      <max value="0" />
    </element>
    <element id="Observation.component">
      <path value="Observation.component" />
      <max value="0" />
    </element>
  </differential>
</StructureDefinition>