<?xml version="1.0" encoding="utf-8"?>
<StructureDefinition xmlns="http://hl7.org/fhir">
  <id value="KBV-PR-MIO-KHE-Observation-Glucose-Concentration" />
  <url value="https://fhir.kbv.de/StructureDefinition/KBV_PR_MIO_KHE_Observation_Glucose_Concentration" />
  <version value="1.0.0" />
  <name value="KBV_PR_MIO_KHE_Observation_Glucose_Concentration" />
  <title value="KBV_PR_MIO_KHE_Observation_Glucose_Concentration" />
  <status value="draft" />
  <publisher value="Kassenärztliche Bundesvereinigung (KBV)" />
  <description value="Dieses Profil bildet einen Glukosespiegel ab." />
  <copyright value="Im folgenden Profil können Codes aus den Code-Systemen SNOMED CT®, LOINC, Ucum, ATC, ICD-10-GM, ICD-10-WHO, OPS, Alpha-ID/Alpha-ID-SE und ICF enthalten sein, die dem folgenden Urheberrecht unterliegen: This material includes SNOMED CT® Clinical Terms® (SNOMED CT® CT®) which is used by permission of SNOMED CT® International. All rights reserved. SNOMED CT® CT®, was originally created by The College of American Pathologists. SNOMED CT® and SNOMED CT® CT are registered trademarks of SNOMED CT® International. Implementers of these artefacts must have the appropriate SNOMED CT® CT Affiliate license. This material contains content from LOINC (http://LOINC.org). LOINC is copyright © 1995-2020, Regenstrief Institute, Inc. and the Logical Observation Identifiers Names and Codes (LOINC) Committee and is available at no cost under the license at http://LOINC.org/license. LOINC® is a registered United States trademark of Regenstrief Institute, Inc. This product includes all or a portion of the UCUM table, UCUM codes, and UCUM definitions or is derived from it, subject to a license from Regenstrief Institute, Inc. and The UCUM Organization. Your use of the UCUM table, UCUM codes, UCUM definitions also is subject to this license, a copy of which is available at ​http://unitsofmeasure.org. The current complete UCUM table, UCUM Specification are available for download at ​http://unitsofmeasure.org. The UCUM table and UCUM codes are copyright © 1995-2009, Regenstrief Institute, Inc. and the Unified Codes for Units of Measures (UCUM) Organization. All rights reserved. THE UCUM TABLE (IN ALL FORMATS), UCUM DEFINITIONS, AND SPECIFICATION ARE PROVIDED 'AS IS.' ANY EXPRESS OR IMPLIED WARRANTIES ARE DISCLAIMED, INCLUDING, BUT NOT LIMITED TO, THE IMPLIED WARRANTIES OF MERCHANTABILITY AND FITNESS FOR A PARTICULAR PURPOSE. Dieses Material enthält Inhalte aus ATC. Die Erstellung erfolgte unter Verwendung der Datenträger der amtlichen Fassung der ATC-Klassifikation mit DDD des Bundesinstituts für Arzneimittel und Medizinprodukte (BfArM). Dieses Material enthält Inhalte aus ICD-10-GM, ICD-10-WHO, OPS Alpha-ID ans Alpha-ID-SE. Die Erstellung erfolgt unter Verwendung der maschinenlesbaren Fassung des Bundesinstituts für Arzneimittel und Medizinprodukte (BfArM). Dieses Material enthält Inhalte aus ICF. Die Erstellung erfolgt unter Verwendung der maschinenlesbaren Fassung des Deutschen Instituts für Medizinische Dokumentation und Information (DIMDI). ICF-Kodes, -Begriffe und -Texte © Weltgesundheitsorganisation, übersetzt und herausgegeben durch das Deutsche Institut für Medizinische Dokumentation und Information von der International classification of functioning, disability and health – ICF, herausgegeben durch die Weltgesundheitsorganisation." />
  <fhirVersion value="4.0.1" />
  <kind value="resource" />
  <abstract value="false" />
  <type value="Observation" />
  <baseDefinition value="https://fhir.kbv.de/StructureDefinition/KBV_PR_Base_Observation_Glucose_Concentration|1.4.0" />
  <derivation value="constraint" />
  <differential>
    <element id="Observation">
      <path value="Observation" />
      <definition value="Dieses Profil beschreibt die Messung eines einzelnen Glukosespiegels. Die Messung kann als sogenannte Point-of-Care-Testung (also einer Messung am Krankenbett oder in der unmittelbaren Nähe zur behandelten Person), oder auch durch die behandelte Person selbst erfolgen." />
    </element>
    <element id="Observation.meta">
      <path value="Observation.meta" />
      <min value="1" />
    </element>
    <element id="Observation.meta.versionId">
      <path value="Observation.meta.versionId" />
      <max value="0" />
    </element>
    <element id="Observation.meta.lastUpdated">
      <path value="Observation.meta.lastUpdated" />
      <max value="0" />
    </element>
    <element id="Observation.meta.source">
      <path value="Observation.meta.source" />
      <max value="0" />
    </element>
    <element id="Observation.meta.profile">
      <path value="Observation.meta.profile" />
      <slicing>
        <discriminator>
          <type value="value" />
          <path value="$this" />
        </discriminator>
        <rules value="open" />
      </slicing>
      <min value="1" />
    </element>
    <element id="Observation.meta.profile:mioProfile">
      <path value="Observation.meta.profile" />
      <sliceName value="mioProfile" />
      <min value="1" />
      <max value="1" />
      <patternCanonical value="https://fhir.kbv.de/StructureDefinition/KBV_PR_MIO_KHE_Observation_Glucose_Concentration|1.0.0" />
    </element>
    <element id="Observation.meta.security">
      <path value="Observation.meta.security" />
      <max value="0" />
    </element>
    <element id="Observation.meta.tag">
      <path value="Observation.meta.tag" />
      <max value="0" />
    </element>
    <element id="Observation.implicitRules">
      <path value="Observation.implicitRules" />
      <max value="0" />
    </element>
    <element id="Observation.language">
      <path value="Observation.language" />
      <max value="0" />
    </element>
    <element id="Observation.text">
      <path value="Observation.text" />
      <definition value="In diesem Element können die in der Instanz enthaltenen Informationen in einer menschenlesbaren Form zusammengefasst werden. Dabei ist zu beachten, dass keine Informationen aufgenommen werden dürfen, die nicht in strukturierter Form an anderer Stelle in der Instanz enthalten sind." />
    </element>
    <element id="Observation.text.status">
      <path value="Observation.text.status" />
      <patternCode value="extensions" />
    </element>
    <element id="Observation.contained">
      <path value="Observation.contained" />
      <max value="0" />
    </element>
    <element id="Observation.identifier">
      <path value="Observation.identifier" />
      <max value="0" />
    </element>
    <element id="Observation.basedOn">
      <path value="Observation.basedOn" />
      <max value="0" />
    </element>
    <element id="Observation.partOf">
      <path value="Observation.partOf" />
      <max value="0" />
    </element>
    <element id="Observation.status">
      <path value="Observation.status" />
      <definition value="Hier wird der Status der Messung angegeben." />
      <mustSupport value="true" />
    </element>
    <element id="Observation.code">
      <path value="Observation.code" />
      <definition value="Hier werden die Codes zur Bestimmung des genauen Vitalzeichens/Körpermaßes angegeben." />
      <mustSupport value="true" />
    </element>
    <element id="Observation.code.coding">
      <path value="Observation.code.coding" />
      <definition value="Hier werden die Codes zur Bestimmung des genauen Vitalzeichens/Körpermaßes angegeben." />
      <mustSupport value="true" />
    </element>
    <element id="Observation.code.coding:loinc">
      <path value="Observation.code.coding" />
      <sliceName value="loinc" />
      <definition value="Angabe eines spezifischen Codes zur Bestimmung des genauen Vitalzeichens/Körpermaßes." />
      <patternCoding>
        <system value="http://loinc.org" />
      </patternCoding>
      <mustSupport value="true" />
    </element>
    <element id="Observation.code.coding:loinc.system">
      <path value="Observation.code.coding.system" />
      <mustSupport value="true" />
    </element>
    <element id="Observation.code.coding:loinc.version">
      <path value="Observation.code.coding.version" />
      <mustSupport value="true" />
    </element>
    <element id="Observation.code.coding:loinc.code">
      <path value="Observation.code.coding.code" />
      <mustSupport value="true" />
    </element>
    <element id="Observation.code.coding:loinc.display">
      <path value="Observation.code.coding.display" />
      <mustSupport value="true" />
    </element>
    <element id="Observation.code.coding:loinc.userSelected">
      <path value="Observation.code.coding.userSelected" />
      <max value="0" />
    </element>
    <element id="Observation.code.coding:snomed">
      <path value="Observation.code.coding" />
      <sliceName value="snomed" />
      <definition value="Angabe eines spezifischen Codes zur Bestimmung des genauen Vitalzeichens/Körpermaßes." />
      <patternCoding>
        <system value="http://snomed.info/sct" />
      </patternCoding>
      <mustSupport value="true" />
    </element>
    <element id="Observation.code.coding:snomed.system">
      <path value="Observation.code.coding.system" />
      <mustSupport value="true" />
    </element>
    <element id="Observation.code.coding:snomed.version">
      <path value="Observation.code.coding.version" />
      <mustSupport value="true" />
    </element>
    <element id="Observation.code.coding:snomed.code">
      <path value="Observation.code.coding.code" />
      <mustSupport value="true" />
    </element>
    <element id="Observation.code.coding:snomed.display">
      <path value="Observation.code.coding.display" />
      <mustSupport value="true" />
    </element>
    <element id="Observation.code.coding:snomed.userSelected">
      <path value="Observation.code.coding.userSelected" />
      <max value="0" />
    </element>
    <element id="Observation.code.text">
      <path value="Observation.code.text" />
      <max value="0" />
    </element>
    <element id="Observation.subject">
      <path value="Observation.subject" />
      <definition value="Hier erfolgt die Referenzierung der zu behandelnden Person." />
      <type>
        <code value="Reference" />
        <targetProfile value="https://fhir.kbv.de/StructureDefinition/KBV_PR_MIO_KHE_Patient|1.0.0" />
      </type>
      <mustSupport value="true" />
    </element>
    <element id="Observation.subject.reference">
      <path value="Observation.subject.reference" />
      <min value="1" />
      <mustSupport value="true" />
    </element>
    <element id="Observation.subject.type">
      <path value="Observation.subject.type" />
      <max value="0" />
    </element>
    <element id="Observation.subject.identifier">
      <path value="Observation.subject.identifier" />
      <max value="0" />
    </element>
    <element id="Observation.subject.display">
      <path value="Observation.subject.display" />
      <max value="0" />
    </element>
    <element id="Observation.encounter">
      <path value="Observation.encounter" />
      <definition value="Fallbezug mit der Referenz auf den Encounter (Falldaten) herstellen. Wenn die Information vorhanden ist, soll das Feld ausgefüllt werden." />
      <type>
        <code value="Reference" />
        <targetProfile value="https://fhir.kbv.de/StructureDefinition/KBV_PR_MIO_KHE_Encounter_Case_Records|1.0.0" />
      </type>
      <mustSupport value="true" />
    </element>
    <element id="Observation.encounter.reference">
      <path value="Observation.encounter.reference" />
      <min value="1" />
      <mustSupport value="true" />
    </element>
    <element id="Observation.encounter.type">
      <path value="Observation.encounter.type" />
      <max value="0" />
    </element>
    <element id="Observation.encounter.identifier">
      <path value="Observation.encounter.identifier" />
      <max value="0" />
    </element>
    <element id="Observation.encounter.display">
      <path value="Observation.encounter.display" />
      <max value="0" />
    </element>
    <element id="Observation.effective[x]">
      <path value="Observation.effective[x]" />
      <slicing>
		<discriminator>
          <type value="type" />
          <path value="$this" />
        </discriminator>
        <rules value="closed" />
      </slicing>
      <mustSupport value="true" />
    </element>
    <element id="Observation.effective[x]:effectiveDateTime">
      <path value="Observation.effective[x]" />
      <sliceName value="effectiveDateTime" />
      <definition value="Zeitpunkt der Messung." />
      <min value="1" />
      <mustSupport value="true" />
    </element>
    <element id="Observation.issued">
      <path value="Observation.issued" />
      <max value="0" />
    </element>
    <element id="Observation.performer">
      <path value="Observation.performer" />
      <max value="0" />
    </element>
    <element id="Observation.value[x]">
      <path value="Observation.value[x]" />
      <slicing>
		<discriminator>
          <type value="type" />
          <path value="$this" />
        </discriminator>
        <rules value="closed" />
      </slicing>
      <min value="1" />
      <mustSupport value="true" />
    </element>
    <element id="Observation.value[x]:valueQuantity">
      <path value="Observation.value[x]" />
      <sliceName value="valueQuantity" />
      <definition value="Hier wird der Messwert angegeben." />
      <min value="1" />
      <mustSupport value="true" />
    </element>
    <element id="Observation.value[x]:valueQuantity.value">
      <path value="Observation.value[x].value" />
      <definition value="Numerischer Wert für eine gemessene Größe, eine Zahl mit optionaler Dezimalstelle." />
      <mustSupport value="true" />
    </element>
    <element id="Observation.value[x]:valueQuantity.comparator">
      <path value="Observation.value[x].comparator" />
      <definition value="Der Komparator kann sein: = (gleich),&lt; (kleiner), &lt;= (kleiner oder gleich), &gt;= (größer oder gleich) oder &gt; (größer)" />
      <mustSupport value="true" />
    </element>
    <element id="Observation.value[x]:valueQuantity.unit">
      <path value="Observation.value[x].unit" />
      <definition value="Die Einheit leitet sich aus der Messgröße (gemessene Eigenschaft und Mengenmaß) ab.&#xD;&#xA;Beispiel: Wenn die Messgröße &quot;Massekonzentration pro Volumen&quot; ist, kommen als Einheiten für den Glucosespiegel mg/dl oder g/dl in Frage.&#xD;&#xA;Nur UCUM-Einheiten sind zulässig." />
      <mustSupport value="true" />
    </element>
    <element id="Observation.value[x]:valueQuantity.system">
      <path value="Observation.value[x].system" />
      <definition value="Das System aus dem der die Einheit stammt." />
      <mustSupport value="true" />
    </element>
    <element id="Observation.value[x]:valueQuantity.code">
      <path value="Observation.value[x].code" />
      <definition value="Die Einheit leitet sich aus der Messgröße (gemessene Eigenschaft und Mengenmaß) ab.&#xD;&#xA;Beispiel: Wenn die Messgröße &quot;Massekonzentration pro Volumen&quot; ist, kommen als Einheiten für den Glucosespiegel mg/dl oder g/dl in Frage.&#xD;&#xA;Nur UCUM-Einheiten sind zulässig." />
      <mustSupport value="true" />
    </element>
    <element id="Observation.dataAbsentReason">
      <path value="Observation.dataAbsentReason" />
      <max value="0" />
    </element>
    <element id="Observation.interpretation">
      <path value="Observation.interpretation" />
      <definition value="Bewertung des Ergebnisses." />
      <mustSupport value="true" />
    </element>
    <element id="Observation.interpretation.coding">
      <path value="Observation.interpretation.coding" />
      <definition value="Hier werden Codes zur näheren Angabe der Interpetation angegeben." />
      <mustSupport value="true" />
    </element>
    <element id="Observation.interpretation.coding:snomed">
      <path value="Observation.interpretation.coding" />
      <sliceName value="snomed" />
      <definition value="Für eine codierte Interpretation zu einer Untersuchung wird, kontext-bezogen, eine Auswahl von Interpretationscodes bzw. Festwerten angeboten." />
      <patternCoding>
        <system value="http://snomed.info/sct" />
      </patternCoding>
      <mustSupport value="true" />
    </element>
    <element id="Observation.interpretation.coding:snomed.system">
      <path value="Observation.interpretation.coding.system" />
      <mustSupport value="true" />
    </element>
    <element id="Observation.interpretation.coding:snomed.version">
      <path value="Observation.interpretation.coding.version" />
      <mustSupport value="true" />
    </element>
    <element id="Observation.interpretation.coding:snomed.code">
      <path value="Observation.interpretation.coding.code" />
      <mustSupport value="true" />
    </element>
    <element id="Observation.interpretation.coding:snomed.display">
      <path value="Observation.interpretation.coding.display" />
      <mustSupport value="true" />
    </element>
    <element id="Observation.interpretation.coding:snomed.userSelected">
      <path value="Observation.interpretation.coding.userSelected" />
      <max value="0" />
    </element>
    <element id="Observation.interpretation.text">
      <path value="Observation.interpretation.text" />
      <definition value="Freitextangabe für eine Interpretation zu einer Untersuchung." />
      <mustSupport value="true" />
    </element>
    <element id="Observation.note">
      <path value="Observation.note" />
      <max value="0" />
    </element>
    <element id="Observation.bodySite">
      <path value="Observation.bodySite" />
      <definition value="Hier wird die Körperstelle, an der die Messung vorgenommen wurde, angegeben." />
      <mustSupport value="true" />
    </element>
    <element id="Observation.bodySite.coding">
      <path value="Observation.bodySite.coding" />
      <max value="0" />
    </element>
    <element id="Observation.bodySite.text">
      <path value="Observation.bodySite.text" />
      <definition value="Hier wird die Körperstelle, an der die Messung vorgenommen wurde, mit einem Freitext angegeben." />
      <mustSupport value="true" />
    </element>
    <element id="Observation.method">
      <path value="Observation.method" />
      <mustSupport value="true" />
    </element>
    <element id="Observation.method.coding">
      <path value="Observation.method.coding" />
      <mustSupport value="true" />
    </element>
    <element id="Observation.method.coding:snomed">
      <path value="Observation.method.coding" />
      <sliceName value="snomed" />
      <definition value="Angabe eines spezifischen SNOMED CT®-Codes zur Methode der Messung des Glukosespiegels." />
      <patternCoding>
        <system value="http://snomed.info/sct" />
      </patternCoding>
      <mustSupport value="true" />
    </element>
    <element id="Observation.method.coding:snomed.system">
      <path value="Observation.method.coding.system" />
      <mustSupport value="true" />
    </element>
    <element id="Observation.method.coding:snomed.version">
      <path value="Observation.method.coding.version" />
      <mustSupport value="true" />
    </element>
    <element id="Observation.method.coding:snomed.code">
      <path value="Observation.method.coding.code" />
      <mustSupport value="true" />
    </element>
    <element id="Observation.method.coding:snomed.display">
      <path value="Observation.method.coding.display" />
      <mustSupport value="true" />
    </element>
    <element id="Observation.method.coding:snomed.userSelected">
      <path value="Observation.method.coding.userSelected" />
      <max value="0" />
    </element>
    <element id="Observation.method.text">
      <path value="Observation.method.text" />
      <definition value="Angabe eines Freitextes zur Methode der Messung des Glukosespiegels." />
      <mustSupport value="true" />
    </element>
    <element id="Observation.specimen">
      <path value="Observation.specimen" />
      <max value="0" />
    </element>
    <element id="Observation.device">
      <path value="Observation.device" />
      <max value="0" />
    </element>
    <element id="Observation.referenceRange">
      <path value="Observation.referenceRange" />
      <definition value="Richtgrenzen oder Bewertungsgrenzen zu einer Laboruntersuchung&#xD;&#xA;- werden herangezogen für die Beurteilung und Einordnung von Messergebnissen&#xD;&#xA;- sind laborärztliche Entscheidungsgrenzen (mit juristischer Relevanz)&#xD;&#xA;- sind ärztliche Entscheidungshilfen im klinischen Alltag" />
      <mustSupport value="true" />
    </element>
    <element id="Observation.referenceRange.low">
      <path value="Observation.referenceRange.low" />
      <mustSupport value="true" />
    </element>
    <element id="Observation.referenceRange.low.value">
      <path value="Observation.referenceRange.low.value" />
      <definition value="Numerischer Wert für eine gemessene Größe, eine Zahl mit optionaler Dezimalstelle." />
      <mustSupport value="true" />
    </element>
    <element id="Observation.referenceRange.low.unit">
      <path value="Observation.referenceRange.low.unit" />
      <definition value="Die Einheit leitet sich aus der Messgröße (gemessene Eigenschaft und Mengenmaß) ab.&#xD;&#xA;Beispiel: wenn die Messgröße &quot;Massekonzentration pro Volumen&quot; ist, kommen als Einheiten mg/dl oder g/dl in Frage." />
      <mustSupport value="true" />
    </element>
    <element id="Observation.referenceRange.low.system">
      <path value="Observation.referenceRange.low.system" />
      <definition value="Das System aus dem die Einheit stammt." />
      <mustSupport value="true" />
    </element>
    <element id="Observation.referenceRange.low.code">
      <path value="Observation.referenceRange.low.code" />
      <definition value="Die Einheit leitet sich aus der Messgröße (gemessene Eigenschaft und Mengenmaß) ab.&#xD;&#xA;Beispiel: wenn die Messgröße &quot;Massekonzentration pro Volumen&quot; ist, kommen als Einheiten mg/dl oder g/dl in Frage." />
      <mustSupport value="true" />
    </element>
    <element id="Observation.referenceRange.high">
      <path value="Observation.referenceRange.high" />
      <definition value="Die obere Referenzgrenze ist eine quantitative Grenze." />
      <mustSupport value="true" />
    </element>
    <element id="Observation.referenceRange.high.value">
      <path value="Observation.referenceRange.high.value" />
      <definition value="Numerischer Wert für eine gemessene Größe, eine Zahl mit optionaler Dezimalstelle." />
      <mustSupport value="true" />
    </element>
    <element id="Observation.referenceRange.high.unit">
      <path value="Observation.referenceRange.high.unit" />
      <definition value="Die Einheit leitet sich aus der Messgröße (gemessene Eigenschaft und Mengenmaß) ab.&#xD;&#xA;Beispiel: wenn die Messgröße &quot;Massekonzentration pro Volumen&quot; ist, kommen als Einheiten mg/dl oder g/dl in Frage.&#xD;&#xA;Nur UCUM-Einheiten sind zulässig." />
      <mustSupport value="true" />
    </element>
    <element id="Observation.referenceRange.high.system">
      <path value="Observation.referenceRange.high.system" />
      <definition value="Das System aus dem die Einheit stammt." />
      <mustSupport value="true" />
    </element>
    <element id="Observation.referenceRange.high.code">
      <path value="Observation.referenceRange.high.code" />
      <definition value="Die Einheit leitet sich aus der Messgröße (gemessene Eigenschaft und Mengenmaß) ab.&#xD;&#xA;Beispiel: wenn die Messgröße &quot;Massekonzentration pro Volumen&quot; ist, kommen als Einheiten mg/dl oder g/dl in Frage.&#xD;&#xA;Nur UCUM-Einheiten sind zulässig." />
      <mustSupport value="true" />
    </element>
    <element id="Observation.referenceRange.type">
      <path value="Observation.referenceRange.type" />
      <definition value="Die Typisierung von Richtgrenzen bezieht sich auf die Indikation einer Laboruntersuchung.&#xD;&#xA;Beispiele sind:&#xD;&#xA;-Referenzbereich, zur Feststellung oder Ausschluss von Erkrankungen&#xD;&#xA;-Therapeutischer Bereich, zur Einstellung einer medikamentösen Therapie&#xD;&#xA;-Zielbereich, zur Kontrolle medizinischer Maßnahmen" />
      <mustSupport value="true" />
    </element>
    <element id="Observation.referenceRange.type.coding">
      <path value="Observation.referenceRange.type.coding" />
      <definition value="Codierte Angabe zur Typisierung von Richtgrenzen." />
      <min value="1" />
      <max value="1" />
      <mustSupport value="true" />
    </element>
    <element id="Observation.referenceRange.type.coding.system">
      <path value="Observation.referenceRange.type.coding.system" />
      <min value="1" />
      <mustSupport value="true" />
    </element>
    <element id="Observation.referenceRange.type.coding.version">
      <path value="Observation.referenceRange.type.coding.version" />
      <min value="1" />
      <mustSupport value="true" />
    </element>
    <element id="Observation.referenceRange.type.coding.code">
      <path value="Observation.referenceRange.type.coding.code" />
      <min value="1" />
      <mustSupport value="true" />
    </element>
    <element id="Observation.referenceRange.type.coding.display">
      <path value="Observation.referenceRange.type.coding.display" />
      <min value="1" />
      <mustSupport value="true" />
    </element>
    <element id="Observation.referenceRange.type.coding.userSelected">
      <path value="Observation.referenceRange.type.coding.userSelected" />
      <max value="0" />
    </element>
    <element id="Observation.referenceRange.type.text">
      <path value="Observation.referenceRange.type.text" />
      <max value="0" />
    </element>
    <element id="Observation.referenceRange.appliesTo">
      <path value="Observation.referenceRange.appliesTo" />
      <max value="0" />
    </element>
    <element id="Observation.referenceRange.age">
      <path value="Observation.referenceRange.age" />
      <max value="0" />
    </element>
    <element id="Observation.referenceRange.text">
      <path value="Observation.referenceRange.text" />
      <max value="0" />
    </element>
    <element id="Observation.hasMember">
      <path value="Observation.hasMember" />
      <max value="0" />
    </element>
    <element id="Observation.derivedFrom">
      <path value="Observation.derivedFrom" />
      <max value="0" />
    </element>
  </differential>
</StructureDefinition>