<?xml version="1.0" encoding="utf-8"?>
<StructureDefinition xmlns="http://hl7.org/fhir">
  <id value="KBV-EX-MIO-KHE-Special-Approval" />
  <url value="https://fhir.kbv.de/StructureDefinition/KBV_EX_MIO_KHE_Special_Approval" />
  <version value="1.0.0" />
  <name value="KBV_EX_MIO_KHE_Special_Approval" />
  <title value="KBV_EX_MIO_KHE_Special_Approval" />
  <status value="draft" />
  <publisher value="Kassenärztliche Bundesvereinigung (KBV)" />
  <description value="Hier kann angegeben werden, ob es sich bei dem Artikel um ein spezialangefertigtes Implantat oder ein Implantat mit Sonderzulassung handelt." />
  <fhirVersion value="4.0.1" />
  <kind value="complex-type" />
  <abstract value="false" />
  <context>
    <type value="element" />
    <expression value="Device" />
  </context>
  <type value="Extension" />
  <baseDefinition value="http://hl7.org/fhir/StructureDefinition/Extension" />
  <derivation value="constraint" />
  <differential>
    <element id="Extension">
      <path value="Extension" />
      <definition value="Hier kann angegeben werden, ob es sich bei dem Artikel um ein spezialangefertigtes Implantat oder ein Implantat mit Sonderzulassung handelt." />
    </element>
    <element id="Extension.url">
      <path value="Extension.url" />
      <fixedUri value="https://fhir.kbv.de/StructureDefinition/KBV_EX_MIO_KHE_Special_Approval" />
    </element>
    <element id="Extension.value[x]">
      <path value="Extension.value[x]" />
      <slicing>
        <discriminator>
          <type value="type" />
          <path value="$this" />
        </discriminator>
        <rules value="closed" />
      </slicing>
      <min value="1" />
      <type>
        <code value="boolean" />
      </type>
    </element>
    <element id="Extension.value[x]:valueBoolean">
      <path value="Extension.value[x]" />
      <sliceName value="valueBoolean" />
      <min value="1" />
      <type>
        <code value="boolean" />
      </type>
    </element>
  </differential>
</StructureDefinition>