<?xml version="1.0" encoding="utf-8"?>
<StructureDefinition xmlns="http://hl7.org/fhir">
  <id value="KBV-EX-MIO-KHE-Reference-PractitionerRole" />
  <url value="https://fhir.kbv.de/StructureDefinition/KBV_EX_MIO_KHE_Reference_PractitionerRole" />
  <version value="1.0.0" />
  <name value="KBV_EX_MIO_KHE_Reference_PractitionerRole" />
  <title value="KBV_EX_MIO_KHE_Reference_PractitionerRole" />
  <status value="draft" />
  <publisher value="Kassenärztliche Bundesvereinigung (KBV)" />
  <description value="Diese Extension bildet eine Referenz auf die Behandelnde Person/Einrichtung ab." />
  <copyright value="Im folgenden Profil können Codes aus den Code-Systemen SNOMED CT®, LOINC, Ucum, ATC, ICD-10-GM, ICD-10-WHO, OPS, Alpha-ID/Alpha-ID-SE und ICF enthalten sein, die dem folgenden Urheberrecht unterliegen: This material includes SNOMED CT® Clinical Terms® (SNOMED CT® CT®) which is used by permission of SNOMED CT® International. All rights reserved. SNOMED CT® CT®, was originally created by The College of American Pathologists. SNOMED CT® and SNOMED CT® CT are registered trademarks of SNOMED CT® International. Implementers of these artefacts must have the appropriate SNOMED CT® CT Affiliate license. This material contains content from LOINC (http://LOINC.org). LOINC is copyright © 1995-2020, Regenstrief Institute, Inc. and the Logical Observation Identifiers Names and Codes (LOINC) Committee and is available at no cost under the license at http://LOINC.org/license. LOINC® is a registered United States trademark of Regenstrief Institute, Inc. This product includes all or a portion of the UCUM table, UCUM codes, and UCUM definitions or is derived from it, subject to a license from Regenstrief Institute, Inc. and The UCUM Organization. Your use of the UCUM table, UCUM codes, UCUM definitions also is subject to this license, a copy of which is available at ​http://unitsofmeasure.org. The current complete UCUM table, UCUM Specification are available for download at ​http://unitsofmeasure.org. The UCUM table and UCUM codes are copyright © 1995-2009, Regenstrief Institute, Inc. and the Unified Codes for Units of Measures (UCUM) Organization. All rights reserved. THE UCUM TABLE (IN ALL FORMATS), UCUM DEFINITIONS, AND SPECIFICATION ARE PROVIDED 'AS IS.' ANY EXPRESS OR IMPLIED WARRANTIES ARE DISCLAIMED, INCLUDING, BUT NOT LIMITED TO, THE IMPLIED WARRANTIES OF MERCHANTABILITY AND FITNESS FOR A PARTICULAR PURPOSE. Dieses Material enthält Inhalte aus ATC. Die Erstellung erfolgte unter Verwendung der Datenträger der amtlichen Fassung der ATC-Klassifikation mit DDD des Bundesinstituts für Arzneimittel und Medizinprodukte (BfArM). Dieses Material enthält Inhalte aus ICD-10-GM, ICD-10-WHO, OPS Alpha-ID ans Alpha-ID-SE. Die Erstellung erfolgt unter Verwendung der maschinenlesbaren Fassung des Bundesinstituts für Arzneimittel und Medizinprodukte (BfArM). Dieses Material enthält Inhalte aus ICF. Die Erstellung erfolgt unter Verwendung der maschinenlesbaren Fassung des Deutschen Instituts für Medizinische Dokumentation und Information (DIMDI). ICF-Kodes, -Begriffe und -Texte © Weltgesundheitsorganisation, übersetzt und herausgegeben durch das Deutsche Institut für Medizinische Dokumentation und Information von der International classification of functioning, disability and health – ICF, herausgegeben durch die Weltgesundheitsorganisation." />
  <fhirVersion value="4.0.1" />
  <kind value="complex-type" />
  <abstract value="false" />
  <context>
    <type value="element" />
    <expression value="Encounter.hospitalization.origin" />
  </context>
  <context>
    <type value="element" />
    <expression value="Encounter.hospitalization.destination" />
  </context>
  <context>
    <type value="element" />
    <expression value="HealthcareService.providedBy" />
  </context>
  <type value="Extension" />
  <baseDefinition value="http://hl7.org/fhir/StructureDefinition/Extension" />
  <derivation value="constraint" />
  <differential>
    <element id="Extension">
      <path value="Extension" />
      <definition value="Hier kann eine Person mit einer zugeordneten Einrichtung angegeben werden." />
    </element>
    <element id="Extension.url">
      <path value="Extension.url" />
      <fixedUri value="https://fhir.kbv.de/StructureDefinition/KBV_EX_MIO_KHE_Reference_PractitionerRole" />
    </element>
    <element id="Extension.value[x]">
      <path value="Extension.value[x]" />
      <slicing>
        <discriminator>
          <type value="type" />
          <path value="$this" />
        </discriminator>
        <rules value="closed" />
      </slicing>
      <min value="1" />
      <type>
        <code value="Reference" />
      </type>
    </element>
    <element id="Extension.value[x]:valueReference">
      <path value="Extension.value[x]" />
      <sliceName value="valueReference" />
      <min value="1" />
      <type>
        <code value="Reference" />
        <targetProfile value="https://fhir.kbv.de/StructureDefinition/KBV_PR_MIO_KHE_PractitionerRole|1.0.0" />
      </type>
    </element>
    <element id="Extension.value[x]:valueReference.reference">
      <path value="Extension.value[x].reference" />
      <min value="1" />
    </element>
    <element id="Extension.value[x]:valueReference.type">
      <path value="Extension.value[x].type" />
      <max value="0" />
    </element>
    <element id="Extension.value[x]:valueReference.identifier">
      <path value="Extension.value[x].identifier" />
      <max value="0" />
    </element>
    <element id="Extension.value[x]:valueReference.display">
      <path value="Extension.value[x].display" />
      <max value="0" />
    </element>
  </differential>
</StructureDefinition>