<?xml version="1.0" encoding="utf-8"?>
<StructureDefinition xmlns="http://hl7.org/fhir">
  <id value="KBV-EX-MIO-KHE-Contact-Details" />
  <url value="https://fhir.kbv.de/StructureDefinition/KBV_EX_MIO_KHE_Contact_Details" />
  <version value="1.0.0" />
  <name value="KBV_EX_MIO_KHE_Contact_Details" />
  <title value="KBV_EX_MIO_KHE_Contact_Details" />
  <status value="draft" />
  <publisher value="Kassenärztliche Bundesvereinigung (KBV)" />
  <description value="Diese Extension bildet die Kontaktzeiten für das Entlassmangement ab." />
  <fhirVersion value="4.0.1" />
  <kind value="complex-type" />
  <abstract value="false" />
  <context>
    <type value="element" />
    <expression value="HealthcareService.availableTime" />
  </context>
  <type value="Extension" />
  <baseDefinition value="http://hl7.org/fhir/StructureDefinition/Extension" />
  <derivation value="constraint" />
  <differential>
    <element id="Extension">
      <path value="Extension" />
      <definition value="Diese Extension bildet die Kontaktzeiten sowie weitere Hinweise zur Erreichbarkeit für das Entlassmangement ab." />
    </element>
    <element id="Extension.url">
      <path value="Extension.url" />
      <fixedUri value="https://fhir.kbv.de/StructureDefinition/KBV_EX_MIO_KHE_Contact_Details" />
    </element>
    <element id="Extension.value[x]">
      <path value="Extension.value[x]" />
      <slicing>
        <discriminator>
          <type value="type" />
          <path value="$this" />
        </discriminator>
        <rules value="closed" />
      </slicing>
      <min value="1" />
      <type>
        <code value="string" />
      </type>
    </element>
    <element id="Extension.value[x]:valueString">
      <path value="Extension.value[x]" />
      <sliceName value="valueString" />
      <min value="1" />
      <type>
        <code value="string" />
      </type>
    </element>
  </differential>
</StructureDefinition>