<?xml version="1.0" encoding="utf-8"?>
<StructureDefinition xmlns="http://hl7.org/fhir">
  <id value="KBV-EX-MIO-KHE-Reference-Device-Implant" />
  <url value="https://fhir.kbv.de/StructureDefinition/KBV_EX_MIO_KHE_Reference_Device_Implant" />
  <version value="1.0.0" />
  <name value="KBV_EX_MIO_KHE_Reference_Device_Implant" />
  <title value="KBV_EX_MIO_KHE_Reference_Device_Implant" />
  <status value="draft" />
  <publisher value="Kassenärztliche Bundesvereinigung (KBV)" />
  <description value="Diese Extension dient der Abbildung einer Referenz auf das Gerät/Implantat." />
  <fhirVersion value="4.0.1" />
  <kind value="complex-type" />
  <abstract value="false" />
  <context>
    <type value="element" />
    <expression value="CarePlan.activity.detail" />
  </context>
  <type value="Extension" />
  <baseDefinition value="http://hl7.org/fhir/StructureDefinition/Extension" />
  <derivation value="constraint" />
  <differential>
    <element id="Extension">
      <path value="Extension" />
      <definition value="Diese Extension enthät die Referenz auf das Profil für Gerät/Implantat." />
    </element>
    <element id="Extension.url">
      <path value="Extension.url" />
      <fixedUri value="https://fhir.kbv.de/StructureDefinition/KBV_EX_MIO_KHE_Reference_Device_Implant" />
    </element>
    <element id="Extension.value[x]">
      <path value="Extension.value[x]" />
      <slicing>
        <discriminator>
          <type value="type" />
          <path value="$this" />
        </discriminator>
        <rules value="closed" />
      </slicing>
      <min value="1" />
      <type>
        <code value="Reference" />
      </type>
    </element>
    <element id="Extension.value[x]:valueReference">
      <path value="Extension.value[x]" />
      <sliceName value="valueReference" />
      <min value="1" />
      <type>
        <code value="Reference" />
        <targetProfile value="https://fhir.kbv.de/StructureDefinition/KBV_PR_MIO_KHE_Device_Implant|1.0.0" />
      </type>
    </element>
    <element id="Extension.value[x]:valueReference.reference">
      <path value="Extension.value[x].reference" />
      <min value="1" />
    </element>
    <element id="Extension.value[x]:valueReference.type">
      <path value="Extension.value[x].type" />
      <max value="0" />
    </element>
    <element id="Extension.value[x]:valueReference.identifier">
      <path value="Extension.value[x].identifier" />
      <max value="0" />
    </element>
    <element id="Extension.value[x]:valueReference.display">
      <path value="Extension.value[x].display" />
      <max value="0" />
    </element>
  </differential>
</StructureDefinition>